Admirals Coat,75
Bandolier,53.33
Bayc T Black,45
Bayc T Red,52.69
Biker Vest,45
Black Holes T,49
Black Suit,170
Black T,52
Blue Dress,44.89
Bone Necklace,55
Bone Tee,48
Caveman Pelt,59.95
Cowboy Shirt,56.5
Guayabera,47.9999
Hawaiian,55
Hip Hop,84.5
Kings Robe,64.69
Lab Coat,59
Leather Jacket,45
Leather Punk Jacket,57
Lumberjack Shirt,58.99
Navy Striped Tee,48
None,45
Pimp Coat,78.99
Prison Jumpsuit,59
Prom Dress,49
Puffy Vest,49
Rainbow Suspenders,55
Sailor Shirt,49.99
Service,52.88
Sleeveless Logo T,55
Sleeveless T,55
Smoking Jacket,54.45
Space Suit,80
Striped Tee,45.9
Stunt Jacket,49.3
Tanktop,50
Tie Dye,60
Toga,50.99
Tuxedo Tee,57
Tweed Suit,59.9
Vietnam Jacket,55
Wool Turtleneck,58.5
Work Vest,50