Army Hat,45
Baby's Bonnet,54
Bandana Blue,54.69
Bayc Flipped Brim,56
Bayc Hat Black,58.98
Bayc Hat Red,59
Beanie,49
Bowler,45
Bunny Ears,59
Commie Hat,47.69
Cowboy Hat,45
Faux Hawk,49
Fez,49
Fisherman's Hat,49.89
Girl's Hair Pink,56.5
Girl's Hair Short,49
Halo,54
Horns,52.2
Irish Boho,47.9999
King's Crown,125
Laurel Wreath,75
None,44.89
Party Hat 1,60
Party Hat 2,56.5
Police Motorcycle Helmet,49
Prussian Helmet,52
S&m Hat,53.98
Safari,47.47
Sea Captain's Hat,46.99
Seaman's Hat,50
Short Mohawk,53.99
Spinner Hat,58
Stuntman Helmet,45
Sushi Chef Headband,55
Trippy Captain's Hat,107.9
Vietnam Era Helmet,59.4
Ww2 Pilot Helm,49.3